location,avg_temperature,avg_humidity
BuildingA_Floor1,25.373661417322847,54.5625590551181
BuildingA_Floor2,25.169090909090905,55.13221818181823
BuildingB_Floor2,25.08088495575221,54.522123893805315
BuildingB_Floor1,24.54314285714287,55.37008163265307
