sensor_id,avg_temp,rank_temp
1026,28.82125,1
1096,28.454705882352943,2
1090,28.16,3
1042,28.126875000000002,4
1020,28.07375,5
